﻿{"cameraMode":{"drawMode":0,"name":"Shaded","section":"Shading Mode"},"sceneLighting":false,"audioPlay":false,"sceneViewState":{"showFog":true,"showMaterialUpdate":true,"showSkybox":false,"showFlares":true,"showImageEffects":true,"showParticleSystems":true},"in2DMode":false,"pivot":{"x":-1.9119417667388917,"y":0.8763275146484375,"z":-0.3982830047607422},"rotation":{"x":-0.02797592617571354,"y":0.23818369209766389,"z":-0.006863964255899191,"w":-0.9707928895950317},"size":9.12024974822998,"orthographic":false}